{"trace_id":"4ef12336-ccbf-4355-bcb1-5ed2dd629cc3","timestamp":"2025-09-05T16:58:43.641092","user_input":"(api)","obligations":[{"id":"OB_1_4ef12336-ccbf-4355-bcb1-5ed2dd629cc3","status":"resolved"}],"tool_runs":[{"id":"OB_1_4ef12336-ccbf-4355-bcb1-5ed2dd629cc3","tool_name":"Reasoning.Core","success":false,"duration_ms":1,"error":null,"clarify_slot":"person","inputs":{"mode":"planning","goal":{"predicate":"event.scheduled","args":{"person":"Dana","time":"2025-09-06T13:00-07:00"}},"budgets":{"max_depth":3,"beam":3,"time_ms":150}},"outputs":{"kind":"plan","trajectory":{"steps":["ResolvePerson","CheckCalendar","ProposeSlots","CreateEvent"],"metrics":{"depth_used":1,"beam_used":1,"time_ms":0}},"feasible":true,"capabilities_satisfied":["ACHIEVE.plan"],"clarify":"person"}}],"assertions":[],"verification":{"passed":true,"method":"disabled","details":"Verification disabled","duration_ms":0,"error":null},"status":"clarify","final_answer":"","metrics":{"total_latency_ms":8,"obligation_count":1,"tool_run_count":1,"assertion_count":0,"verification_passed":true,"escalation_count":0,"clarify_count":0,"success_rate":0.0},"capabilities_satisfied":["ACHIEVE.plan"],"clarify":["person"]}