{"trace_id":null,"timestamp":null,"user_input":"(api)","obligations":[{"id":null,"status":"resolved"}],"tool_runs":[{"id":null,"tool_name":"Reasoning.Core","success":true,"duration_ms":null,"error":null,"clarify_slot":null,"inputs":{"mode":"deduction","query":{"predicate":"grandparentOf","args":["Alice","Cara"]},"facts":[{"predicate":"parentOf","args":["Alice","Bob"]},{"predicate":"parentOf","args":["Bob","Cara"]}],"rules":[],"domains":["kinship"],"simulate_slow":null,"budgets":{"max_depth":3,"beam":4,"time_ms":100}},"outputs":{"kind":"logic.answer","value":true,"trajectory":{"steps":[{"op":"infer","rule":"parent∘parent→grandparent","bindings":{"X":"Alice","Y":"Bob","Z":"Cara"}}],"alt_paths":[],"metrics":{"depth_used":null,"nodes_expanded":null,"time_ms":null},"rules_fired":["parent∘parent→grandparent"],"why_not":[]},"assertions":[{"subject":"Alice","predicate":"grandparentOf","object":"Cara","proof_ref":"local","rule_version":"parent∘parent→grandparent@1"}],"capabilities_satisfied":["REPORT.logic"]}}],"assertions":[{"id":null,"subject_id":"Alice","predicate":"grandparentOf","object":"Cara","rule_version":null,"proof_ref":null,"source_id":"Reasoning.Core@0.1.0","confidence":1.0}],"verification":{"passed":true,"method":"disabled","details":"Verification disabled","duration_ms":null,"error":null},"status":"resolved","final_answer":"true","metrics":{"total_latency_ms":null,"obligation_count":null,"tool_run_count":null,"assertion_count":null,"verification_passed":null,"escalation_count":null,"clarify_count":null,"success_rate":null},"capabilities_satisfied":["REPORT.logic"],"meta":{"engine_commit":"unknown","engine_version":"unknown","schema_version":"unknown","python":"3.9.13","platform":"win-amd64"}}