{"trace_id":null,"timestamp":null,"user_input":"(api)","obligations":[{"id":null,"status":"resolved"}],"tool_runs":[{"id":null,"tool_name":"Reasoning.Core","success":false,"duration_ms":null,"error":null,"clarify_slot":"person","inputs":{"mode":"planning","goal":{"predicate":"event.scheduled","args":{"person":"Dana","time":"2025-09-06T13:00-07:00"}},"budgets":{"max_depth":3,"beam":3,"time_ms":150}},"outputs":{"kind":"plan","trajectory":{"steps":["ResolvePerson","CheckCalendar","ProposeSlots","CreateEvent"],"metrics":{"depth_used":null,"beam_used":null,"time_ms":null}},"feasible":true,"capabilities_satisfied":["ACHIEVE.plan"],"clarify":"person"}}],"assertions":[],"verification":{"passed":true,"method":"disabled","details":"Verification disabled","duration_ms":null,"error":null},"status":"clarify","final_answer":"","metrics":{"total_latency_ms":null,"obligation_count":null,"tool_run_count":null,"assertion_count":null,"verification_passed":null,"escalation_count":null,"clarify_count":null,"success_rate":null},"capabilities_satisfied":["ACHIEVE.plan"],"clarify":["person"],"meta":{"engine_commit":"unknown","engine_version":"unknown","schema_version":"unknown","python":"3.9.13","platform":"win-amd64"}}