{"trace_id":null,"timestamp":null,"user_input":"(api)","obligations":[{"id":null,"status":"resolved"}],"tool_runs":[{"id":null,"tool_name":"Reasoning.Core","success":false,"duration_ms":null,"error":null,"clarify_slot":null,"inputs":{"mode":"deduction","query":{"predicate":"grandparentOf","args":["Alice","Cara"]},"facts":[{"predicate":"parentOf","args":["Alice","Bob"]},{"predicate":"parentOf","args":["Bob","Cara"]}],"rules":[],"domains":["kinship"],"simulate_slow":null,"budgets":{"max_depth":1,"beam":1,"time_ms":1}},"outputs":{"status":"truncated","kind":"logic.answer","value":null,"trajectory":{"steps":[],"alt_paths":[],"metrics":{"depth_used":null,"nodes_expanded":null,"time_ms":null}},"capabilities_satisfied":["REPORT.logic"]}}],"assertions":[],"verification":{"passed":true,"method":"disabled","details":"Verification disabled","duration_ms":null,"error":null},"status":"failed","final_answer":"I couldn't generate a proper answer.","metrics":{"total_latency_ms":null,"obligation_count":null,"tool_run_count":null,"assertion_count":null,"verification_passed":null,"escalation_count":null,"clarify_count":null,"success_rate":null},"capabilities_satisfied":["REPORT.logic"],"meta":{"engine_commit":"unknown","engine_version":"unknown","schema_version":"unknown","python":"3.9.13","platform":"win-amd64"}}